<?xml version="1.0" encoding="UTF-8"?>
<beans xmlns="http://www.springframework.org/schema/beans"
	xmlns:xsi="http://www.w3.org/2001/XMLSchema-instance"
	xmlns:aop="http://www.springframework.org/schema/aop"
	xsi:schemaLocation="http://www.springframework.org/schema/beans http://www.springframework.org/schema/beans/spring-beans.xsd
		http://www.springframework.org/schema/aop http://www.springframework.org/schema/aop/spring-aop-4.3.xsd">
	<bean class="com.fmr.demo.OrderService" id="orderService">
		<property name="orderDAO1" ref="orderDAO" ></property>
	</bean>
	<bean class="com.fmr.demo.aop.LoggerAdvice" id="loggerAdvice1"></bean>
	<aop:config>
		<aop:aspect ref="loggerAdvice1">
		<aop:pointcut expression="execution(* *(int))" id="pointcut"/>
			<aop:before method="logAdvice" pointcut-ref="pointcut"/>
		<!-- 	<aop:after method="afterReturningLogger"   pointcut-ref="pointcut" /> -->
		
		</aop:aspect>
	</aop:config>
</beans>
