<?xml version="1.0" encoding="UTF-8"?>
<beans xmlns="http://www.springframework.org/schema/beans"
	xmlns:xsi="http://www.w3.org/2001/XMLSchema-instance"
	xmlns:aop="http://www.springframework.org/schema/aop"
	xmlns:tx="http://www.springframework.org/schema/tx"
	xsi:schemaLocation="http://www.springframework.org/schema/beans http://www.springframework.org/schema/beans/spring-beans.xsd
		http://www.springframework.org/schema/aop http://www.springframework.org/schema/aop/spring-aop-4.3.xsd
		http://www.springframework.org/schema/tx http://www.springframework.org/schema/tx/spring-tx-4.3.xsd">
	<bean id="transactionManager"
		class="org.springframework.jdbc.datasource.DataSourceTransactionManager">
		<property name="dataSource" ref="dataSource" />
	</bean>
	<aop:config>
		<aop:pointcut expression="execution(* com.fmr.demo.*Service.*(..))" 
		id="pointcut1"/>
		<aop:advisor pointcut-ref="pointcut1" advice-ref="txAdvice"/>
	</aop:config>
	<tx:advice id="txAdvice">
		<tx:attributes>
			<tx:method name="save*" timeout="60" />
			<tx:method name="get*"/>
		</tx:attributes>
	</tx:advice>
</beans>
